<?xml version='1.0' encoding='UTF-8'?>
<system creation-date="2021-08-01 16:44:16.296000" desc="" enable="False" id="0B1DABA4-91A8-4D62-AB50-83FC0823612F" last-modified-date="" name="ControladorPegante"><applications><application name="RobotWare" version="6.04.0140"><settings><system-xml path="G:\Unidades compartidas\Robótica\ControladorPegante\system.xml" /><key-id path="G:\Unidades compartidas\Robótica\ControladorPegante\INTERNAL\key.id" /><setting-file path="G:\Unidades compartidas\Robótica\ControladorPegante\INTERNAL\controller.rsf" /></settings></application></applications></system>