<?xml version="1.0" encoding="utf-8"?>
<SystemProperties>
  <SystemName>ControladorAdhesivos</SystemName>
  <SerialNo>VIRTUAL_USE</SerialNo>
  <UsedMedia>
    <Media path="C:\Users\mitel\AppData\Local\ABB\RobotWare\RobotWare_6.04.0140" name="RobotWare" version="6.04.0140">
    </Media>
  </UsedMedia>
  <ControlModule>
    <Option descr="RobotWare Base">
    </Option>
    <Option descr="English">
    </Option>
  </ControlModule>
  <DriveModule>
    <Name>Robot1</Name>
    <Option descr="Drive System IRB 2600/4400/6400R">
    </Option>
    <Option descr="ADU-790A in position X3">
    </Option>
    <Option descr="ADU-790A in position Y3">
    </Option>
    <Option descr="ADU-790A in position Z3">
    </Option>
    <Option descr="IRB 4400-60 Type B">
    </Option>
  </DriveModule>
</SystemProperties>