<?xml version='1.0' encoding='UTF-8'?>
<system creation-date="2021-07-29 15:04:45.503000" desc="" enable="False" id="B56D99A6-A2A2-47BE-AD80-77F3AF7C00EC" last-modified-date="" name="ControladorMesa"><applications><application name="RobotWare" version="6.04.0140"><settings><system-xml path="G:\Unidades compartidas\Robótica\ControladorMesa\system.xml" /><key-id path="G:\Unidades compartidas\Robótica\ControladorMesa\INTERNAL\key.id" /><setting-file path="G:\Unidades compartidas\Robótica\ControladorMesa\INTERNAL\controller.rsf" /></settings></application></applications></system>