<?xml version='1.0' encoding='UTF-8'?>
<system creation-date="2021-08-01 18:47:17.616000" desc="" enable="False" id="040591E6-6D66-40B6-AABE-6DF845D15EEC" last-modified-date="" name="ControladorAdhesivos"><applications><application name="RobotWare" version="6.04.0140"><settings><system-xml path="G:\Unidades compartidas\Robótica\ControladorAdhesivos\system.xml" /><key-id path="G:\Unidades compartidas\Robótica\ControladorAdhesivos\INTERNAL\key.id" /><setting-file path="G:\Unidades compartidas\Robótica\ControladorAdhesivos\INTERNAL\controller.rsf" /></settings></application></applications></system>