<?xml version='1.0' encoding='UTF-8'?>
<system creation-date="2021-08-01 15:37:52.530000" desc="" enable="False" id="24399205-C6A4-493A-A569-0F9F5E62C69F" last-modified-date="" name="ControladorBanda1"><applications><application name="RobotWare" version="6.04.0140"><settings><system-xml path="G:\Unidades compartidas\Robótica\ControladorBanda1\system.xml" /><key-id path="G:\Unidades compartidas\Robótica\ControladorBanda1\INTERNAL\key.id" /><setting-file path="G:\Unidades compartidas\Robótica\ControladorBanda1\INTERNAL\controller.rsf" /></settings></application></applications></system>